Title,Author,Average Goodreads Rating,Number of Pages
The Coven,Lizzie Fry,3.45,448
People of Abandoned Character,Clare Whitfield,3.83,421
Ark,Veronica Roth,3.56,33
The Pisces,Melissa Broder,3.27,270
"Twilight (The Twilight Saga, #1)",Stephenie Meyer,3.63,498
Queenie,Candice Carty-Williams,3.88,330
Mexican Gothic,Silvia Moreno-Garcia,3.68,301
Maggie Finds Her Muse,Dee Ernst,3.72,304
Little Pieces of Me,Alison Hammer,3.92,400
"Aristotle and Dante Discover the Secrets of the Universe (Aristotle and Dante, #1)",Benjamin Alire Sáenz,4.35,384
The Song of Achilles,Madeline Miller,4.40,378
The Babysitter: My Summers with a Serial Killer,Liza Rodman,3.65,352
The Odyssey,Lara    Williams,3.33,240
The It Girl,Ruth Ware,4.02,432
"Devil's Knot: The True Story of the West Memphis Three (Justice Knot, #1)",Mara Leveritt,4.14,419
Daisy Darker,Alice Feeney,4.12,352
Things We Do in the Dark,Jennifer Hillier,4.22,352
Life Ceremony,Sayaka Murata,3.76,256
Code Blue: A Katrina Physician's Memoir,Richard E. Deichmann,4.03,168
"The Icepick Surgeon: Murder, Fraud, Sabotage, Piracy, and Other Dastardly Deeds Perpetrated in the Name of Science",Sam Kean,4.00,368
Made to Stick: Why Some Ideas Survive and Others Die,Chip Heath,3.97,291
Putin's Wars: The Rise of Russia's New Imperialism,Marcel H. Van Herpen,3.87,296
Hooked: How to Build Habit-Forming Products,Nir   Eyal,4.09,256
Small Pleasures,Clare Chambers,3.86,352
The Search for Mother Missing: A Peek Inside International Adoption,Janine Vance,4.46,182
The Legacy Journey: A Radical View of Biblical Wealth and Generosity,Dave Ramsey,4.34,256
Pandora's Lab: Seven Stories of Science Gone Wrong,Paul A. Offit,4.17,288
Either/Or,Elif Batuman,4.34,368
"Delilah Green Doesn't Care (Bright Falls, #1)",Ashley Herring Blake,4.26,384
She Gets the Girl,Rachael Lippincott,4.26,384
Family Annihilator,Calvin Westra,4.56,126
The Birthday Girl,Melissa de la Cruz,3.44,352
The Vegetarian,Han Kang,3.60,188
Man of the Year,Caroline Louise Walker,3.64,256
The Best Lies,Sarah Lyu,3.69,352
Strange Weather in Tokyo,Hiromi Kawakami,3.75,176
22 Minutes of Unconditional Love,Daphne Merkin,2.76,256
Sweet Bean Paste,Durian Sukegawa,4.07,213
Ugly Love,Colleen Hoover,4.25,337
November 9,Colleen Hoover,4.33,310
Verity,Colleen Hoover,4.43,336
Bunny,Mona Awad,3.57,307
In Watermelon Sugar,Richard Brautigan,3.83,144
Conversations with Friends,Sally Rooney,3.83,304
Notes on Camp,Susan Sontag,3.96,55
"Drug Dealer, MD: How Doctors Were Duped, Patients Got Hooked, and Why It's So Hard to Stop",Anna Lembke,4.03,192
Love Is a Dog from Hell,Charles Bukowski,4.05,312
Boy Parts,Eliza  Clark,4.03,304
The Bell Jar,Sylvia Plath,4.03,294
Just Kids,Patti Smith,4.18,304
Dreamland: The True Tale of America's Opiate Epidemic,Sam Quinones,4.24,384
"The Bear and the Nightingale (The Winternight Trilogy, #1)",Katherine Arden,4.10,319
Hummingbird Salamander,Jeff VanderMeer,3.29,351
One Last Stop,Casey McQuiston,4.04,418
The New Girl,Jesse Q. Sutanto,3.41,368
Hex,Jenni Fagan,4.15,112
I Kissed Shara Wheeler,Casey McQuiston,4.24,356
Lapvona,Ottessa Moshfegh,4.04,313
The House Across the Lake,Riley Sager,3.64,368
"The Good Nurse: A True Story of Medicine, Madness, and Murder",Charles Graeber,3.81,307
Lost Girls: An Unsolved American Mystery,Robert Kolker,3.60,399
"Start: Punch Fear in the Face, Escape Average and Do Work that Matters",Jon Acuff,3.95,288
Contagious: Why Things Catch On,Jonah Berger,3.97,210
Five Days at Memorial: Life and Death in a Storm-Ravaged Hospital,Sheri  Fink,3.91,558
Detroit: An American Autopsy,Charlie LeDuff,3.94,304
Bad Pharma: How Drug Companies Mislead Doctors and Harm Patients,Ben Goldacre,4.10,448
Gulp: Adventures on the Alimentary Canal,Mary Roach,3.92,348
The Astronaut Wives Club,Lily Koppel,3.32,272
Zealot: The Life and Times of Jesus of Nazareth,Reza Aslan,3.84,296
The Skies Belong to Us: Love and Terror in the Golden Age of Hijacking,Brendan I. Koerner,4.02,318
The Unwinding: An Inner History of the New America,George Packer,4.13,448
Manson: The Life and Times of Charles Manson,Jeff Guinn,3.90,495
Eighty Days: Nellie Bly and Elizabeth Bisland's History-Making Race Around the World,Matthew Goodman,3.72,453
"One Summer: America, 1927",Bill Bryson,4.08,456
Chanel Bonfire,Wendy Lawless,3.73,304
Mo' Meta Blues: The World According to Questlove,"Ahmir ""Questlove"" Thompson",4.11,288
Wave,Sonali Deraniyagala,3.76,274
Waiting to Be Heard: A Memoir,Amanda Knox,3.85,463
Beyond Belief: My Secret Life Inside Scientology and My Harrowing Escape,Jenna Miscavige Hill,3.74,402
"Happy, Happy, Happy: My Life and Legacy as the Duck Commander",Phil Robertson,4.06,224
American Elsewhere,Robert Jackson Bennett,3.78,662
"Extinction Machine (Joe Ledger, #5)",Jonathan Maberry,4.27,433
The Resurrectionist: The Lost Work of Dr. Spencer Black,E.B. Hudspeth,3.58,208
"Parasite (Parasitology, #1)",Mira Grant,3.67,504
"Losing Hope (Hopeless, #2)",Colleen Hoover,4.31,321
Terms of Enlistment,Marko Kloos,4.03,282
The Best of All Possible Worlds,Karen Lord,3.60,308
"The Lives of Tao (Tao, #1)",Wesley Chu,3.74,460
"Countdown City (The Last Policeman, #2)",Ben H. Winters,3.85,316
"MaddAddam (MaddAddam, #3)",Margaret Atwood,4.00,394
"The Bone Season (The Bone Season, #1)",Samantha Shannon,3.79,466
"Seduction (Reincarnationist, #5)",M.J. Rose,3.78,373
The Thinking Woman's Guide to Real Magic,Emily Croy Barker,3.55,563
"Vicious (Villains, #1)",V.E. Schwab,4.23,368
The River of No Return,Bee Ridgway,3.68,452
The Ocean at the End of the Lane,Neil Gaiman,4.01,181
Songs of Willow Frost,Jamie Ford,3.66,319
Paris,Edward Rutherfurd,4.02,809
TransAtlantic,Colum McCann,3.82,304
Whistling Past the Graveyard,Susan Crandall,4.07,307
A Hundred Summers,Beatriz Williams,3.95,357
The Perfume Collector,Kathleen Tessaro,3.99,464
The Luminaries,Eleanor Catton,3.73,848
The Painted Girls,Cathy Marie Buchanan,3.61,357
The Aviator's Wife,Melanie Benjamin,3.90,416
Z: A Novel of Zelda Fitzgerald,Therese Anne Fowler,3.86,375
"Life After Life (Todd Family, #1)",Kate Atkinson,3.77,531
The Silent Wife,A.S.A. Harrison,3.31,326
The Shining Girls,Lauren Beukes,3.55,368
"Threat Vector (Jack Ryan Universe, #15)",Tom Clancy,4.17,835
Six Years,Harlan Coben,3.83,351
"Police (Harry Hole, #10)",Jo Nesbø,4.22,436
Reconstructing Amelia,Kimberly McCreight,3.83,382
"Speaking from Among the Bones (Flavia de Luce, #5)",Alan Bradley,4.15,378
Night Film,Marisha Pessl,3.78,598
"Calculated in Death (In Death, #36)",J.D. Robb,4.28,386
"How the Light Gets In (Chief Inspector Armand Gamache, #9)",Louise Penny,4.44,405
Joyland,Stephen King,3.93,283
"The Cuckoo's Calling (Cormoran Strike, #1)",Robert Galbraith,3.87,456
"Inferno (Robert Langdon, #4)",Dan Brown,3.87,463
The Woman Upstairs,Claire Messud,3.31,253
The Interestings,Meg Wolitzer,3.58,468
Americanah,Chimamanda Ngozi Adichie,4.31,477
Tenth of December,George Saunders,3.97,251
A Tale for the Time Being,Ruth Ozeki,4.03,432
"The Rosie Project (Don Tillman, #1)",Graeme Simsion,4.02,295
Orphan Train,Christina Baker Kline,4.18,278
The Husband's Secret,Liane Moriarty,3.95,396
The Goldfinch,Donna Tartt,3.93,771
"Me Before You (Me Before You, #1)",Jojo Moyes,4.26,369
The Storyteller,Jodi Picoult,4.27,461
I Kill Me: Tales of A Jilted Hypochondriac,Tracy H. Tucker,3.52,256
Fifty Shames of Earl Grey,Fanny Merkin,3.31,224
How to Tell If Your Cat Is Plotting to Kill You,Matthew Inman,3.91,131
How to Be Black,Baratunde R. Thurston,3.87,254
I Suck at Girls,Justin Halpern,3.78,131
"Where'd You Go, Bernadette",Maria Semple,3.88,330
How to Be a Woman,Caitlin Moran,3.72,305
I am a Pole (And So Can You!),Stephen Colbert,3.80,32
Let's Pretend This Never Happened: A Mostly True Memoir,Jenny  Lawson,3.89,318
Green Illusions,Ozzie Zehner,3.97,456
Twilight of the Elites: America After Meritocracy,Christopher L. Hayes,4.00,304
"Why Nations Fail: The Origins of Power, Prosperity, and Poverty",Daron Acemoğlu,4.07,529
Free Will,Sam Harris,3.87,96
The Power of Habit: Why We Do What We Do in Life and Business,Charles Duhigg,4.12,375
Quiet: The Power of Introverts in a World That Can't Stop Talking,Susan Cain,4.07,333
Cronkite,Douglas Brinkley,3.99,832
The Man Who Quit Money,Mark Sundeen,3.74,260
Midnight in Peking: How the Murder of a Young Englishwoman Haunted the Last Days of Old China,Paul   French,3.84,260
The Passage of Power,Robert A. Caro,4.32,712
The Woman Who Wasn't There: The True Story of an Incredible Deception,Robin Gaby Fisher,3.76,291
Escape from Camp 14: One Man's Remarkable Odyssey from North Korea to Freedom in the West,Blaine Harden,3.98,205
Killing Kennedy: The End of Camelot (The Killing of Historical Figures),Bill O'Reilly,4.07,325
Drift: The Unmooring of American Military Power,Rachel Maddow,4.06,275
Elizabeth the Queen: The Life of a Modern Monarch,Sally Bedell Smith,3.86,663
My Cross to Bear,Gregg Allman,3.86,400
"When We Were the Kennedys: A Memoir from Mexico, Maine",Monica Wood,3.87,256
Waging Heavy Peace: A Hippie Dream,Neil Young,3.59,512
Revolution 2:0: A Memoir and Call to Action,Wael Ghonim,3.92,256
Mrs. Kennedy and Me: An Intimate Memoir,Clint Hill,4.21,343
The End of Your Life Book Club,Will Schwalbe,3.80,336
Wild: From Lost to Found on the Pacific Crest Trail,Cheryl Strayed,4.03,315
Breed,Chase Novak,3.16,310
Nocturnal,Scott Sigler,4.05,566
"Blackout (Newsflesh, #3)",Mira Grant,4.09,512
"Odd Apocalypse (Odd Thomas, #5)",Dean Koontz,3.97,464
"The Twelve (The Passage, #2)",Justin Cronin,4.01,568
"Seduction and Snacks (Chocolate Lovers, #1)",Tara Sivec,4.07,286
2312,Kim Stanley Robinson,3.50,561
Angelmaker,Nick Harkaway,3.93,478
"Shadows in Flight (The Shadow Series, #5)",Orson Scott Card,3.81,237
Redshirts,John Scalzi,3.85,320
"Wool Omnibus (Silo, #1)",Hugh Howey,4.21,509
"The Long Earth (The Long Earth, #1)",Terry Pratchett,3.77,336
"Wicked Business (Lizzy & Diesel, #2)",Janet Evanovich,3.81,299
"Shadow of Night (All Souls, #2)",Deborah Harkness,4.06,584
"Percepliquis (The Riyria Revelations, #6)",Michael J. Sullivan,4.56,620
Alif the Unseen,G. Willow Wilson,3.84,433
"The Killing Moon (Dreamblood, #1)",N.K. Jemisin,3.94,418
"The First Confessor (The Legend of Magda Searus, #1)",Terry Goodkind,4.19,481
"The Woman Who Died A Lot (Thursday Next, #7)",Jasper Fforde,4.07,366
The Orchardist,Amanda Coplin,3.79,426
The Second Empress: A Novel of Napoleon's Court,Michelle Moran,3.85,312
The Dressmaker,Kate Alcott,3.49,306
"The Gods of Gotham (Timothy Wilde, #1)",Lyndsay Faye,3.87,408
The Baker's Daughter,Sarah McCoy,3.96,304
Half-Blood Blues,Esi Edugyan,3.69,321
The Secret Keeper,Kate Morton,4.14,484
"Bring Up the Bodies (Thomas Cromwell, #2)",Hilary Mantel,4.25,412
The Light Between Oceans,M.L. Stedman,4.03,362
"Broken Harbor (Dublin Murder Squad, #4)",Tana French,3.94,450
"Bloodline (Sigma Force, #8)",James Rollins,4.23,447
Gone Girl,Gillian Flynn,4.11,419
Telegraph Avenue,Michael Chabon,3.39,465
Billy Lynn's Long Halftime Walk,Ben Fountain,3.79,307
The Dog Stars,Peter Heller,3.94,336
Memoirs of an Imaginary Friend,Matthew Dicks,4.13,311
Tell the Wolves I'm Home,Carol Rifka Brunt,4.03,360
"Mr. Penumbra's 24-Hour Bookstore (Mr. Penumbra's 24-Hour Bookstore, #1)",Robin Sloan,3.73,288
This Is How You Lose Her,Junot Díaz,3.75,217
The Age of Miracles,Karen Thompson Walker,3.66,272
The Casual Vacancy,J.K. Rowling,3.30,503
Crazy River: Exploration and Folly in East Africa,Richard Grant,4.07,323
"Big in China: My Unlikely Adventures Raising a Family, Playing the Blues, and Becoming a Star in Beijing",Alan Paul,3.69,272
"Kosher Chinese: Living, Teaching, and Eating with China's Other Billion",Michael     Levy,3.85,256
Sideways on a Scooter: Life and Love in India,Miranda Kennedy,3.64,352
The Foremost Good Fortune,Susan    Conley,3.65,288
You've Gone Too Far This Time,Danny Bent,3.74,240
The Memory Palace,Mira Bartok,3.51,320
Tolstoy and the Purple Chair: My Year of Magical Reading,Nina Sankovitch,3.52,241
My Lucky Life in and Out of Show Business,Dick Van Dyke,3.82,287
Stories I Only Tell My Friends,Rob Lowe,3.82,320
A Stolen Life,Jaycee Dugard,3.91,273
The Man in the Rockefeller Suit: The Astonishing Rise and Spectacular Fall of a Serial Impostor,Mark Seal,3.84,323
1861: The Civil War Awakening,Adam Goodheart,4.05,481
Malcolm X: A Life of Reinvention,Manning Marable,4.15,608
Area 51: An Uncensored History of America's Top Secret Military Base,Annie Jacobsen,3.80,540
"The Eighty-Dollar Champion: Snowman, the Horse That Inspired a Nation",Elizabeth Letts,4.21,329
Steve Jobs,Walter Isaacson,4.15,630
Incognito: The Secret Lives of the Brain,David Eagleman,4.07,290
The Filter Bubble: What the Internet is Hiding From You,Eli Pariser,3.79,294
Kingpin: How One Hacker Took Over the Billion-Dollar Cybercrime Underground,Kevin Poulsen,3.96,288
Inside Scientology: The Story of America's Most Secretive Religion,Janet Reitman,3.87,444
Sex on the Moon: The Amazing Story Behind the Most Audacious Heist in History,Ben Mezrich,3.39,320
Boomerang: Travels in the New Third World,Michael   Lewis,3.90,213
"Three Cups of Deceit: How Greg Mortenson, Humanitarian Hero, Lost His Way",Jon Krakauer,3.74,77
Moonwalking with Einstein: The Art and Science of Remembering Everything,Joshua Foer,3.88,307
The Psychopath Test: A Journey Through the Madness Industry,Jon Ronson,3.94,288
"It Gets Better: Coming Out, Overcoming Bullying, and Creating a Life Worth Living",Dan Savage,4.13,338
Cinderella Ate My Daughter: Dispatches from the Frontlines of the New Girlie-Girl Culture,Peggy Orenstein,3.67,245
"The Geeks Shall Inherit the Earth: Popularity, Quirk Theory and Why Outsiders Thrive After High School",Alexandra Robbins,3.60,448
"It's All Relative: Two Families, Three Dogs, 34 Holidays, and 50 Boxes of Wine (A Memoir)",Wade Rouse,3.81,304
2030: The Real Story of What Happens to America,Albert Brooks,3.48,375
Domestic Violets,Matthew Norman,3.86,329
"Damn You, Autocorrect!: Awesomely Embarrassing Text Messages You Didn't Mean to Send",Jillian Madison,4.01,279
It Looked Different on the Model: Epic Tales of Impending Shame and Infamy,Laurie Notaro,3.77,240
"God, No! Signs You May Already Be an Atheist and Other Magical Tales",Penn Jillette,3.66,254
Thank You Notes,Jimmy Fallon,3.80,176
Seriously... I'm Kidding,Ellen DeGeneres,3.69,241
Is Everyone Hanging Out Without Me? (And Other Concerns),Mindy Kaling,3.86,222
If You Ask Me (And of Course You Won't),Betty White,3.72,258
Bossypants,Tina Fey,3.95,283
"Just Like Heaven (Smythe-Smith Quartet, #1)",Julia Quinn,3.95,374
Hot Head (Head #1),Damon Suede,3.99,320
"Fifty Shades of Grey (Fifty Shades, #1)",E.L. James,3.66,356
"Lover Unleashed (Black Dagger Brotherhood, #9)",J.R. Ward,4.27,512
"Eat Slay Love (Living With the Dead, #3)",Jesse Petersen,4.06,277
"The President's Vampire (Nathaniel Cade, #2)",Christopher Farnsworth,4.01,337
"My Life as a White Trash Zombie (White Trash Zombie, #1)",Diana Rowland,3.94,320
The Night Strangers,Chris Bohjalian,3.18,378
"Dreadfully Ever After (Pride and Prejudice and Zombies, #2)",Steve Hockensmith,3.75,287
"Deadline (Newsflesh, #2)",Mira Grant,4.10,584
"What the Night Knows (What the Night Knows, #1)",Dean Koontz,3.77,442
"Graveminder (Graveminder, #1)",Melissa Marr,3.49,324
Fuzzy Nation (Fuzzy Sapiens #7),John Scalzi,4.12,303
"Aftermath (Sirantha Jax, #5)",Ann Aguirre,4.02,307
"Phoenix Rising (Ministry of Peculiar Occurrences, #1)",Pip Ballantine,3.70,402
Embassytown,China Miéville,3.89,345
Basilisk (The Korsak Brothers #2),Rob Thurman,3.93,352
"Robopocalypse (Robopocalypse, #1)",Daniel H. Wilson,3.70,347
"Silver Shark (Kinsmen, #2)",Ilona Andrews,4.26,129
When She Woke,Hillary Jordan,3.67,344
"Heartless (Parasol Protectorate, #4)",Gail Carriger,4.05,400
"Dead Reckoning (Sookie Stackhouse, #11)",Charlaine Harris,3.80,336
"A Discovery of Witches (All Souls, #1)",Deborah Harkness,4.01,579
Deathless,Catherynne M. Valente,3.98,352
Among Others,Jo Walton,3.70,304
"One of Our Thursdays Is Missing (Thursday Next, #6)",Jasper Fforde,3.97,362
"The Magician King (The Magicians, #2)",Lev Grossman,3.91,548
Don't Breathe a Word,Jennifer  McMahon,3.59,447
"Snuff (Discworld, #39; City Watch #8)",Terry Pratchett,4.15,378
"The Wild Rose (The Tea Rose, #3)",Jennifer Donnelly,4.12,623
22 Britannia Road,Amanda Hodgkinson,3.64,323
The Autobiography of Mrs. Tom Thumb,Melanie Benjamin,3.70,424
Caleb's Crossing,Geraldine Brooks,3.83,306
The Second Duchess,Elizabeth Loupas,3.91,369
"Dreams of Joy (Shanghai Girls, #2)",Lisa See,4.08,354
Madame Tussaud: A Novel of the French Revolution,Michelle Moran,3.95,446
The Sisters Brothers,Patrick deWitt,3.84,328
The Dovekeepers,Alice Hoffman,4.05,504
Reamde,Neal Stephenson,3.98,1044
"A Red Herring Without Mustard (Flavia de Luce, #3)",Alan Bradley,4.05,416
Before I Go to Sleep,S.J. Watson,3.89,359
"New York to Dallas (In Death, #33)",J.D. Robb,4.44,14
"Smokin' Seventeen (Stephanie Plum, #17)",Janet Evanovich,3.97,308
Once Upon a River,Bonnie Jo Campbell,3.70,348
The Leftovers,Tom Perrotta,3.42,355
Maine,J. Courtney Sullivan,3.39,388
The Art of Fielding,Chad Harbach,3.98,512
The Marriage Plot,Jeffrey Eugenides,3.46,406
The Language of Flowers,Vanessa Diffenbaugh,4.09,323
The Tiger's Wife,Téa Obreht,3.41,338
The Lover's Dictionary,David Levithan,3.88,211
The Peach Keeper,Sarah Addison Allen,3.85,273
The Paris Wife,Paula McLain,3.82,314
"Delirium (Delirium, #1)",Lauren Oliver,3.96,441
"Mockingjay (The Hunger Games, #3)",Suzanne Collins,4.06,398
"My Sister, the Serial Killer",Oyinkan Braithwaite,3.71,226
Queen Unseen: My Life with the Greatest Rock Band of the 20th Century,Peter Hince,3.67,323
Hotel Magnifique,Emily J. Taylor,3.85,400
Dial A for Aunties (Aunties #1),Jesse Q. Sutanto,3.78,299
"Red, White & Royal Blue",Casey McQuiston,4.18,448
Survive the Night,Riley Sager,3.51,324
The Lost Apothecary,Sarah Penner,3.76,301
"Catching Fire (The Hunger Games, #2)",Suzanne Collins,4.30,391
The Paper Palace,Miranda Cowley Heller,3.88,400
"The Hunger Games (The Hunger Games, #1)",Suzanne Collins,4.32,374
"All Our Hidden Gifts (All Our Hidden Gifts, #1)",Caroline O'Donoghue,3.98,384
Quicksand of Memory,Michael J. Malone,4.55,300
The Power,Naomi Alderman,3.78,341
Butterflies in November,Auður Ava Ólafsdóttir,3.37,296
Islands of Abandonment,Cal Flyn,4.23,376
"Dopesick: Dealers, Doctors and the Drug Company that Addicted America",Beth Macy,4.09,
My Year of Rest and Relaxation,Ottessa Moshfegh,3.74,289
The Loop (The Loop Trilogy #1),Ben  Oliver,3.89,368
"Morning Star (Red Rising Saga, #3)",Pierce Brown,4.48,524
"Golden Son (Red Rising Saga, #2)",Pierce Brown,4.44,430
Luckenbooth,Jenni Fagan,3.46,352
For Your Own Good,Samantha  Downing,3.83,373
When the Stars Go Dark,Paula McLain,3.88,370
Billy Summers,Stephen King,4.25,515
Severance,Ling  Ma,3.91,291
Saint X,Alexis Schaitkin,3.45,343
The Grace Year,Kim Liggett,4.15,416
Akin,Emma Donoghue,3.69,352
Things We Didn't Talk About When I Was a Girl: A Memoir,Jeannie Vanasco,3.92,360
The White Album,Joan Didion,4.12,224
After Dark,Haruki Murakami,3.73,191
1Q84 (1Q84 #1-3),Haruki Murakami,3.93,925
Norwegian Wood,Haruki Murakami,4.03,296
My Policeman,Bethan Roberts,4.06,352
On Bowie,Rob Sheffield,3.91,197
Talking to Girls about Duran Duran: One Young Man's Quest for True Love and a Cooler Haircut,Rob Sheffield,3.58,274
The Substitution Order,Martin   Clark,3.90,352
State of Terror,Hillary Rodham Clinton,4.14,495
Space Opera,Catherynne M. Valente,3.51,294
Several People Are Typing,Calvin Kasulke,3.69,256
"Love Is a Mix Tape: Life and Loss, One Song at a Time",Rob Sheffield,3.85,224
The Survivors,Jane Harper,3.77,384
Open Water,Caleb Azumah Nelson,4.14,145
Uncanny Valley: A Memoir,Anna Wiener,3.66,281
Midnight in Chernobyl: The Untold Story of the World's Greatest Nuclear Disaster,Adam Higginbotham,4.38,538
"All-American Murder: The Rise and Fall of Aaron Hernandez, the Superstar Whose Life Ended on Murderers' Row",James Patterson,3.85,400
My Life as a Goddess: A Memoir through (Un)Popular Culture,Guy Branum,4.01,288
The Perfect Predator: A Scientist's Race to Save Her Husband from a Deadly Superbug: A Memoir,Steffanie Strathdee,4.40,337
A Woman of No Importance: The Untold Story of the American Spy Who Helped Win World War II,Sonia Purnell,4.12,352
Say Nothing: A True Story of Murder and Memory in Northern Ireland,Patrick Radden Keefe,4.43,519
Prognosis: A Memoir of My Brain,Sarah Vallance,3.89,284
Me,Elton John,4.31,374
"Blowout: Corrupted Democracy, Rogue State Russia, and the Richest, Most Destructive Industry on Earth",Rachel Maddow,4.35,406
Embrace Your Weird: Face Your Fears and Unleash Creativity,Felicia Day,3.96,272
The Witches Are Coming,Lindy West,4.14,260
"Maybe You Should Talk to Someone: A Therapist, Her Therapist, and Our Lives Revealed",Lori Gottlieb,4.38,415
Stay Sexy & Don't Get Murdered: The Definitive How-To Guide,Karen Kilgariff,4.09,300
No Filter: The Inside Story of Instagram,Sarah Frier,4.13,352
Greenlights,Matthew McConaughey,4.21,308
"Don't Overthink It: Make Easier Decisions, Stop Second-Guessing, and Bring More Joy to Your Life",Anne Bogel,3.90,224
"Clanlands: Whisky, Warfare, and a Scottish Adventure Like No Other",Sam Heughan,4.09,297
Robin,Dave Itzkoff,4.07,544
Becoming,Michelle Obama,4.49,599
The Monk of Mokha,Dave Eggers,4.06,327
God Save Texas: A Journey Into the Soul of the Lone Star State,Lawrence Wright,4.00,368
"The Space Barons: Elon Musk, Jeff Bezos, and the Quest to Colonize the Cosmos",Christian Davenport,4.13,320
Inferior: How Science Got Women Wrong—and the New Research That's Rewriting the Story,Angela Saini,4.07,200
The Radium Girls: The Dark Story of America's Shining Women,Kate  Moore,4.14,479
My Lovely Wife in the Psych Ward,Mark Lukach,4.09,305
Get Well Soon: History's Worst Plagues and the Heroes Who Fought Them,Jennifer   Wright,4.25,336
"Other Minds: The Octopus, the Sea, and the Deep Origins of Consciousness",Peter Godfrey-Smith,3.87,257
A Mother's Reckoning: Living in the Aftermath of Tragedy,Sue Klebold,4.12,305
"Rise of the Rocket Girls: The Women Who Propelled Us, from Missiles to the Moon to Mars",Nathalia Holt,3.88,338
The Romanovs: 1613-1918,Simon Sebag Montefiore,3.96,784
Hidden Figures,Margot Lee Shetterly,3.96,349
M Train,Patti Smith,3.99,256
Girl in a Band,Kim Gordon,3.65,273
"The Witches: Salem, 1692",Stacy Schiff,3.24,498
"A Kim Jong-Il Production: The Extraordinary True Story of a Kidnapped Filmmaker, His Star Actress, and a Young Dictator's Rise to Power",Paul   Fischer,4.18,353
On the Move: A Life,Oliver Sacks,3.98,397
"Creativity, Inc.: Overcoming the Unseen Forces That Stand in the Way of True Inspiration",Ed Catmull,4.21,368
"The World's Strongest Librarian: A Memoir of Tourette's, Faith, Strength, and the Power of Family",Josh Hanagarne,3.80,291
The Nineties,Chuck Klosterman,3.95,370
Extreme North: A Cultural History,Bernd Brunner,3.24,256
Funny Farm: My Unexpected Life with 600 Rescue Animals,Laurie Zaleski,4.31,256
Secrets of the Sprakkar: Iceland's Extraordinary Women and How They Are Changing the World,Eliza  Reid,3.91,288
It Ended Badly: Thirteen of the Worst Breakups in History,Jennifer   Wright,3.75,240
Between Two Kingdoms: A Memoir of a Life Interrupted,Suleika Jaouad,4.43,352
One Night in Miami,Kemp Powers,4.15,80
The Year of Living Danishly: My Twelve Months Unearthing the Secrets of the World's Happiest Country,Helen Russell,3.97,304
The Almost Nearly Perfect People: Behind the Myth of the Scandinavian Utopia,Michael Booth,3.86,416
Watching Neighbours Twice a Day...: How ’90s TV (Almost) Prepared Me For Life,Josh Widdicombe,3.96,304
Dent's Modern Tribes: The Secret Languages of Britain,Susie Dent,3.60,337
Swiss Watching: Inside Europe's Landlocked Island,Diccon Bewes,3.87,310
The Secret Life of Salvador Dalí,Salvador Dalí,4.10,432
Sapiens: A Brief History of Humankind,Yuval Noah Harari,4.39,512
"Guns, Germs, and Steel: The Fates of Human Societies",Jared Diamond,4.04,498
Collapse: How Societies Choose to Fail or Succeed,Jared Diamond,3.92,608
"The Diary of a Bookseller (Diary of a Bookseller, #1)",Shaun Bythell,3.74,310
The Making of Jane Austen,Devoney Looser,4.01,282
All the Young Men,Ruth Coker Burks,4.52,304
Into the Woods: A Five Act Journey Into Story,John Yorke,4.23,256
Nomadland: Surviving America in the Twenty-First Century,Jessica Bruder,4.04,288
Born to Run,Bruce Springsteen,4.16,528
Because Internet: Understanding the New Rules of Language,Gretchen McCulloch,4.06,327
Burnout: The Secret to Unlocking the Stress Cycle,Emily Nagoski,4.00,277
Digital Minimalism: Choosing a Focused Life in a Noisy World,Cal Newport,4.07,284
Will My Cat Eat My Eyeballs? Big Questions from Tiny Mortals About Death,Caitlin Doughty,4.12,222
Dead Famous: An Unexpected History of Celebrity from Bronze Age to Silver Screen,Greg  Jenner,3.87,416
Crying in H Mart,Michelle Zauner,4.31,256
Cultish: The Language of Fanaticism,Amanda Montell,4.04,310
Empire of Pain: The Secret History of the Sackler Dynasty,Patrick Radden Keefe,4.56,535
"The Code Breaker: Jennifer Doudna, Gene Editing, and the Future of the Human Race",Walter Isaacson,4.32,536
Vanderbilt: The Rise and Fall of an American Dynasty,Anderson Cooper,3.87,336
Come Fly the World: The Jet-Age Story of the Women of Pan Am,Julia  Cooke,3.69,288
The Doctors Blackwell: How Two Pioneering Sisters Brought Medicine to Women and Women to Medicine,Janice P. Nimura,3.63,336
"The Bomber Mafia: A Dream, a Temptation, and the Longest Night of the Second World War",Malcolm Gladwell,4.04,256
My Dark Vanessa,Kate Elizabeth Russell,4.07,373
"Crisis in the Red Zone: The Story of the Deadliest Ebola Outbreak in History, and of the Outbreaks to Come",Richard   Preston,4.41,375
Invisible Women: Data Bias in a World Designed for Men,Caroline Criado Pérez,4.37,411
The Only Plane in the Sky: An Oral History of 9/11,Garrett M. Graff,4.72,485
American Predator: The Hunt for the Most Meticulous Serial Killer of the 21st Century,Maureen Callahan,4.09,285
The Institute,Stephen King,4.20,561
The Starless Sea,Erin Morgenstern,3.85,498
Countdown 1945: The Extraordinary Story of the 116 Days that Changed the World,Chris Wallace,4.22,320
If It Bleeds,Stephen King,4.02,436
Agency,William Gibson,3.79,402
The Space Between Worlds,Micaiah Johnson,3.98,329
Shuggie Bain,Douglas   Stuart,4.33,430
Utopia Avenue,David Mitchell,4.01,574
The Vanishing Half,Brit Bennett,4.19,343
A Slow Fire Burning,Paula Hawkins,3.51,307
Local Woman Missing,Mary Kubica,4.12,352
"Arsenic and Adobo (Tita Rosie's Kitchen Mystery, #1)",Mia P. Manansala,3.57,316
Cloud Cuckoo Land,Anthony Doerr,4.29,626
The Book of Accidents,Chuck Wendig,3.81,530
Termination Shock,Neal Stephenson,3.88,720
The End of Men,Christina Sweeney-Baird,3.84,416
"Neon Gods (Dark Olympus, #1)",Katee Robert,3.74,380
The Spanish Love Deception,Elena  Armas,4.05,482
"Neuromancer (Sprawl, #1)",William Gibson,3.90,292
Snow Crash,Neal Stephenson,4.03,559
Brave New World,Aldous Huxley,3.99,268
11/22/63,Stephen King,4.31,849
The Guest List,Lucy Foley,3.85,330
There's No Such Thing as an Easy Job,Kikuko Tsumura,3.66,416
Slaughterhouse-Five,Kurt Vonnegut Jr.,4.09,275
"Mythos: The Greek Myths Retold (Stephen Fry's Great Mythology, #1)",Stephen Fry,4.27,416
Vagabonds,Hao Jingfang,3.44,640
Ice Crash: Antarctica,Lynda Engler,4.46,
Hide,Kiersten White,3.56,256
A Brush with Love,Mazey Eddings,3.84,336
Meet Me in the Margins,Melissa    Ferguson,3.66,320
A Pho Love Story,Loan Le,3.72,402
Run Rose Run,Dolly Parton,3.98,439
A Moveable Feast: The Restored Edition,Ernest Hemingway,4.02,236
Packing for Mars: The Curious Science of Life in the Void,Mary Roach,3.94,334
Malibu Rising,Taylor Jenkins Reid,4.08,369
On Writing: A Memoir of the Craft,Stephen King,4.33,8
Nightmare Scenario: Inside the Trump Administration's Response to the Pandemic That Changed History,Yasmeen Abutaleb,4.31,496
Midnight in Washington: How We Almost Lost Our Democracy and Still Could,Adam Schiff,4.58,
Circe,Madeline Miller,4.26,393
The Love Hypothesis,Ali Hazelwood,4.34,352
Devolution: A Firsthand Account of the Rainier Sasquatch Massacre,Max Brooks,3.92,286
The President's Daughter,Bill Clinton,4.29,594
I Alone Can Fix It: Donald J. Trump's Catastrophic Final Year,Carol Leonnig,4.41,476
"Red Rising (Red Rising Saga, #1)",Pierce Brown,4.25,382
No One Is Talking About This,Patricia Lockwood,3.61,210
Recursion,Blake Crouch,4.15,329
"Good Omens: The Nice and Accurate Prophecies of Agnes Nutter, Witch",Terry Pratchett,4.25,491
1984,George Orwell,4.19,298
The Martian,Andy Weir,4.41,384
Dark Matter,Blake Crouch,4.12,340
Project Hail Mary,Andy Weir,4.52,476
Convenience Store Woman,Sayaka Murata,3.72,163
Falling,T.J. Newman,3.89,304
Harry Potter and the Philosopher's Stone,J.K. Rowling,4.48,223
Daisy Jones & The Six,Taylor Jenkins Reid,4.24,355
The Memory Police,Yōko Ogawa,3.75,274
Miss Iceland,Auður Ava Ólafsdóttir,3.90,256
The Seven Husbands of Evelyn Hugo,Taylor Jenkins Reid,4.48,389
Outlawed,Anna North,3.56,261
In Order to Live: A North Korean Girl's Journey to Freedom,Yeonmi Park,4.46,273
Klara and the Sun,Kazuo Ishiguro,3.78,303
The Night Circus,Erin Morgenstern,4.03,387
The Silent Patient,Alex Michaelides,4.15,325
"Before the Coffee Gets Cold (Before the Coffee Gets Cold, #1)",Toshikazu Kawaguchi,3.75,213
"Kim Jiyoung, Born 1982",Cho Nam-Joo,4.18,163
Mrs England,Stacey Halls,4.01,424
Escape from Earth: A Secret History of the Space Rocket,Fraser MacDonald,3.79,384
Skin of the Sea (Skin of the Sea #1),Natasha Bowen,3.83,336
Speak Your Truth: Connecting With Your Inner Truth and Learning to Find Your Voice,Fearne Cotton,3.87,181
Piranesi,Susanna Clarke,4.27,245
Ace of Spades,Faridah Àbíké-Íyímídé,4.28,470
The Lighthouse Witches,C.J.  Cooke,4.00,350
Norse Mythology,Neil Gaiman,4.09,301
"Hercule Poirot's Christmas (Hercule Poirot, #20)",Agatha Christie,3.98,335
The Maidens,Alex Michaelides,3.63,337
"Harry Potter and the Deathly Hallows (Harry Potter, #7)",J.K. Rowling,4.62,759
The Midnight Library,Matt Haig,4.05,288
"The Heart Principle (The Kiss Quotient, #3)",Helen Hoang,4.03,339
The Invisible Life of Addie LaRue,V.E. Schwab,4.23,444
"Harry Potter and the Half-Blood Prince (Harry Potter, #6)",J.K. Rowling,4.57,652
Earthlings,Sayaka Murata,3.57,247
"Harry Potter and the Order of the Phoenix (Harry Potter, #5)",J.K. Rowling,4.50,870
"Harry Potter and the Goblet of Fire (Harry Potter, #4)",J.K. Rowling,4.57,734
"Harry Potter and the Chamber of Secrets (Harry Potter, #2)",J.K. Rowling,4.43,341
"The Hitchhiker's Guide to the Galaxy (Hitchhiker's Guide to the Galaxy, #1)",Douglas Adams,4.22,193
Silicon Values: The Future of Free Speech Under Surveillance Capitalism,Jillian York,3.65,288
"American Gods (American Gods, #1)",Neil Gaiman,4.11,635
"Harry Potter and the Prisoner of Azkaban (Harry Potter, #3)",J.K. Rowling,4.58,435
The Devil All the Time,Donald Ray Pollock,4.12,261
Annihilation,Jeff VanderMeer,3.73,195
Fahrenheit 451,Ray Bradbury,3.98,194
Filth,Irvine Welsh,3.79,393
"BOX 88 (BOX 88, #1)",Charles Cumming,4.07,482
Acceptance,Jeff VanderMeer,3.62,341
"Wayward (Wayward Pines, #2)",Blake Crouch,4.14,298
"Pines (Wayward Pines, #1)",Blake Crouch,3.93,303
"The Last Town (Wayward Pines, #3)",Blake Crouch,4.09,294
The End of October,Lawrence Wright,3.75,380
The Innovators by Walter Isaacson | Conversation Starters,Daily Books,4.20,67
Steve Jobs: A Biographic Portrait of the Genius of,Kevin Lynch,3.99,272
Everything You Really Need to Know About Politics: My Life as an MP,Jess Phillips,4.23,
The Plague Year: America in the Time of Covid,Lawrence Wright,4.13,336
"Checkpoint Charlie: The Cold War, The Berlin Wall, and the Most Dangerous Place On Earth",Iain MacGregor,3.92,352
Doctor Sleep,Stephen King,4.12,531
The Shining,Stephen King,4.25,659
The Ministry for the Future,Kim Stanley Robinson,3.88,563
"Terminus (Threshold, #4)",Peter Clines,3.87,
"Dead Moon (Threshold, #3)",Peter Clines,3.47,400
"The Fold (Threshold, #2)",Peter Clines,3.87,384
"14 (Threshold, #1)",Peter Clines,3.96,372
Defending Jacob,William Landay,3.99,421
Year Zero,Rob  Reid,3.60,364
"Heaven's River (Bobiverse, #4)",Dennis E. Taylor,4.31,608
"For We Are Many (Bobiverse, #2)",Dennis E. Taylor,4.37,9
"All These Worlds (Bobiverse, #3)",Dennis E. Taylor,4.41,260
"We Are Legion (We Are Bob) (Bobiverse, #1)",Dennis E. Taylor,4.28,383
An Astronaut's Guide to Life on Earth,Chris Hadfield,4.15,295
"Green Mars (Mars Trilogy, #2)",Kim Stanley Robinson,3.95,624
"Blue Mars (Mars Trilogy, #3)",Kim Stanley Robinson,3.94,768
"Red Mars (Mars Trilogy, #1)",Kim Stanley Robinson,3.86,572
Pet Sematary,Stephen King,4.03,580
"The Boy on the Bridge (The Girl With All the Gifts, #2)",M.R. Carey,3.96,369
"The Girl with All the Gifts (The Girl with All the Gifts, #1)",M.R. Carey,3.95,461
The Three-Body Problem (Remembrance of Earth’s Past #1),Liu Cixin,4.07,399
Ethel Rosenberg: An American Tragedy,Anne Sebba,3.91,320
The Man in the High Castle,Philip K. Dick,3.61,259
"Leviathan Wakes (The Expanse, #1)",James S.A. Corey,4.28,561
Ready Player Two,Ernest Cline,3.43,370
Ready Player One,Ernest Cline,4.24,374
This Is a Call: The Life and Times of Dave Grohl,Paul Brannigan,3.69,416
"Red Dragon (Hannibal Lecter, #1)",Thomas  Harris,4.04,454
Dune,Frank Herbert,4.25,658
Artemis,Andy Weir,3.68,305